Клеймо за време,Клас,Номер,Име,Майл,Брой решени задачи,Номера на нерешени задачи разделени с запетайки
9/27/2012 8:11:17,11B,8,Viktor Stojanov,v_g_stojanov@abv.bg,17,0
9/27/2012 8:11:35,11 b,----------------,,,,
9/27/2012 8:11:39,11B,23,Nikolay,wwwnik@abv.bg,16,17
9/27/2012 8:12:02,11 b,29,Hristo Georgiev,hristogg1@abv.bg,17,0
9/27/2012 8:12:17,11 b,----------------,Василен Любомиров,asentsvetanov@mail.bg,15,"10,17"
9/27/2012 8:12:19,11 Б,-,Мартин Симеонов,simeonov_elsys@abv.bg,16,10
9/27/2012 8:12:19,11б,-,Ива Добрева,iva95dobreva@gmail.com,15,10/17/2012
9/27/2012 8:12:20,11Б,14,Добромир Иванов,syliconsynapse@gmail.com,17,-
9/27/2012 8:12:25,11Б,2,Александър Димитров,xavortm@gmail.com,12,"7, 11, 15, 16, 17"
9/27/2012 8:12:26,11 Б,15,Едуард Калфов,edward.kalfov@abv.bg,17,
9/27/2012 8:12:36,11,,,,,
9/27/2012 8:12:43,11б,28,Тодор Маноилов,tmanoilov@abv.bg,17,
9/27/2012 8:13:10,11b,-,Yoann Markoff,bubobuboster@gmail.com,17,
9/27/2012 8:13:11,11b,9,Geogi Kratchkov,georgi_kratchkov@abv.bg,17,
9/27/2012 8:13:35,11B,4,Anton Adreanov Dedikov,unpredictable1819@abv.bg,12,"10, 14,15,16,17"
9/27/2012 8:13:40,11 Б,13,Димитър Антонов Борисов,dimitar.borisov@mail.bg,17,
9/27/2012 8:13:45,11 Б,15,Едуард Федев Калфов,edward.kalfov@abv.bg,17,
9/27/2012 8:13:52,11б,17,Иван Венциславов Пейчинов,ipeychinov@gmail.com,15,10/17/2012
9/27/2012 8:14:06,11б,1,Александър Атанасов Осенов,sonico@abv.bg,14,"9,10,17"
9/27/2012 8:14:16,11Б,22,Михаил Михайлов Здравков,mihail0zdravkov@gmail.com,17,-
9/27/2012 8:14:26,11 Б,-,Благовест Николаев Божинов,blagovest.b@abv.bg,14,"9,10,17"
9/27/2012 8:14:27,11Б,9,Георги Миленов Цанев,gbdrock@abv.bg,12,"7, 9, 10, 14, 17"
9/27/2012 8:14:28,11b,23,Nikolay Nikolaev Ivanov,wwwnik@abv.bg,15,"10,17"
9/27/2012 8:14:45,11 b,----------------,Петър Нетовски,asentsvetanov@mail.bg,10,"10, 12, 13, 14 , 15, 16, 17"
9/27/2012 8:15:09,11б,5,Божидар,b.giorev@gmail.com,17,
9/27/2012 8:15:35,11b,-,Красимир Светославов Стойков,Krasimir.Stojkov@gmail.com,17,
9/27/2012 8:15:48,11б,12,Даниела Яворова Алексова,daniela.aleksova95@abv.bg,14,"9,10,17"
9/27/2012 8:16:42,11б,3,Анна-Мария Верева Матейна,any333@abv.bg,7,"6,7,9,15,16,17,11,14,12,13"
9/27/2012 8:20:41,10b,13,Denislav Parvanov,denislav_parvanov_1995@abv.bg,12,"5,9,10,14,17"
9/27/2012 9:46:41,11a,,,,,
9/27/2012 9:48:06,11a,-,Пламен Христов Никифоров,,,
9/27/2012 9:48:17,11a,-,Диана,didsito13@abv.bg,4,",5,6,7,8,9,10,11,12,13,14,15,16,17"
9/27/2012 9:48:22,11a,-,Атанас,nasko_alekov@abv.bg,4,"5,6,7,8,9,10,11,12,13,14,15,16,17"
9/27/2012 9:48:48,11a,20,Nikolai Stanev,nikolaystanev@abv.bg,15,"10,16"
9/27/2012 9:48:55,11a,--,Stefan Julianov Petrov,stefanp227@gmail.com,4,"5,6,7,8,9,10,11,12,13,14,15,16,17"
9/27/2012 9:49:14,11a,-,Пламен Христов Никифоров,plamenxr@mail.bg,5,"17,16,15,14,13,12,11,10,9,8,5,4"
9/27/2012 9:49:19,11 A,-,Мартин Красимиров Кирилов,marti_kirilov@abv.bg,17,-
9/27/2012 9:49:28,11A,-,Bojidar Stanchev,flashstealer@gmail.com,11,"10,11,12,15,16,17"
9/27/2012 9:49:28,11a,28,Hristo Ivaylov Mihaylov,reportera7@abv.bg,5,"8,7,9,10,11,12,13,14,15,16,17"
9/27/2012 9:49:31,11a,-,Kristin Naidenova,cnaydenova@gmail.com,7,"7,9,10,11,12,13,14,15,16,17"
9/27/2012 9:49:38,11A,11,Денис,denisnikolow@gmail.com,11,"10,14,16,17"
9/27/2012 9:49:48,11A,13,Иван Манев,iwanmanew@yahoo.com,4,"7,8,10,11,15,17"
9/27/2012 9:50:16,11A,-,Nikola Bojinov,nikola_bojinovTUES@abv.bg,17,-
9/27/2012 9:50:16,11a,-,Petar Stanev,petarstanevtues@gmail.com,14,"14,15,17"
9/27/2012 9:50:26,11a,-,Иван-Васил Тодоров Генев,ivanavsilgenev@abv.bg,5,"17,16,15,14,13,12,11,10,9,8,7,6"
9/27/2012 9:50:31,11a,2,Антон Митков,tonimitkov2s@gmail.com,8,"7,10,11,13,14,15,16,17"
9/27/2012 9:50:32,11a,-,Даниел Цоков,daniel_tsokov@abv.bg,6,"5,7,9,10,11,12,13,14,15,16,17"
9/27/2012 9:50:36,XI А,-,Владимир Ангелов Ангелов,triedgeai@gmail.com,17,-
9/27/2012 9:50:48,11A,16,Martin Zanov,martinzanov@abv.bg,13,"10,7,17,16"
9/27/2012 9:50:50,11a,-,Liuboslav Jordanov,liuboslav_jordanov@mail.bg,2,"3,4,5,6,7,8,9,10,11,12,13,14,15,16,17"
9/27/2012 9:51:02,11a,-,Vasil Bozhurski,slightremorse@gmail.com,17,0
9/27/2012 9:51:07,11a,-,Nikolay Bojkov,nikolaybojkov95@gmail.com,17,-
9/27/2012 9:51:29,11а,-,Светлин Владов,svetlin_vladov@abv.bg,6,"5,7,9,10,11,12,13,14,15,16,17"
9/27/2012 9:52:06,11a,-,Mihail Canov,mihailcanov@abv.bg,7,"6,7,10,11,12,13,14,15,16,17"
9/27/2012 9:56:27,11a,-,Georgi Neichev,georgi__neichev@abv.bg,0,
9/27/2012 9:57:52,11 A,-,Николай Коцев,Nikolay_Kotzev@abv.bg,11,"7,9,10,11,12.17"
9/27/2012 9:59:43,"Максим Харизанов, 11а, 21",,,,,
9/27/2012 10:01:27,11A,-,Borislav Jordanov,jordanov.borislav@gmail.com,4,"5,6,7,8,9,10,11,12,13,14,15,16,17"
9/30/2012 15:06:57,11A,1,Андон Мицов,donimicov@yahoo.com,0,
9/30/2012 21:07:22,,,,,,
10/1/2012 16:53:31,11б,24,Петър Ников,nikov.elsys@gmail.com,14,"10,15,17"
10/1/2012 19:30:45,11Б,26,Радослав,radoisan@gmail.com,11,"17,15,13,12,11,5"
10/4/2012 8:18:01,11 Б,10,Даниел Николаев Георгиев,daniel.georgiev95@gmail.com,17,